keyword,score
blood sugar levels,5.408242702913848e-06
high blood sugar,8.276813264094059e-06
high blood glucose,1.108689949327441e-05
diabetes blood sugar,1.6278828495361805e-05
blood sugar,1.710435224726681e-05
low blood sugar,1.8630130105450437e-05
reiki distant healing,1.9069642632881066e-05
blood glucose levels,2.030014266923801e-05
blood sugar control,2.2485852813067224e-05
sugar high blood,2.4830439792282173e-05
blood sugar high,2.4830439792282176e-05
diabetes high blood,2.545657883732999e-05
lower blood sugar,3.355160855048437e-05
dinner blood sugar,3.566333117317116e-05
ancient healing techniques,3.7034729503161395e-05
managing blood sugar,3.870072150088627e-05
diabetes eating sugar,4.0964611189701344e-05
glucose blood sugar,4.251634222478951e-05
system including healing,4.324207826596331e-05
high blood pressure,4.3882596766418255e-05
control blood sugars,4.497170562613445e-05
body diabetic patients,4.557205797166198e-05
blood glucose blood,4.6394128376604537e-05
reiki healing techniques,4.6442596763242196e-05
blood sugar test,4.9723396780499886e-05
blood sugar hyperglycemia,5.055767876052052e-05
powerful healing techniques,5.3218473767939706e-05
patients bangalore india,5.692015581410628e-05
blood glucose control,6.031271742474571e-05
morning fast reading,6.415921128659451e-05
blood glucose high,6.652139695964645e-05
distant healing patient,6.723016172883974e-05
dealing diabetes diabetes,6.788909321913375e-05
mine blood sugar,6.992087931959498e-05
patients diabetic patients,7.250528134310711e-05
spike blood sugar,7.259914701245129e-05
blood sugar protection,7.259914701245129e-05
disease type diabetes,7.443504635488319e-05
diabetes emotional stress,7.483454759112298e-05
checking blood sugar,7.572124532510969e-05
patients heal patient,7.588959405373194e-05
type diabetes question,7.788834126546601e-05
diabetes home remedies,7.908438710883968e-05
healing techniques dear,8.318855060757356e-05
energy healing methods,8.419148949128798e-05
blood sugars edit,8.527515937592286e-05
rollercoaster blood sugar,8.527515937592286e-05
improving blood sugar,8.527515937592286e-05
patients mumbai india,8.745440089565598e-05
ancient powerful healing,8.90369581625988e-05
lymphatic system healing,9.073868118810738e-05
body nervous system,9.080191162809495e-05
healing healer vacancies,9.17237670626819e-05
high blood,9.237036824936141e-05
diabetes type dear,9.51119482445436e-05
diabetic patients healers,9.60753372718173e-05
eggs carbs sugar,9.719269545370538e-05
type diabetes find,9.858881670836344e-05
diabetic patients mumbai,0.00010039719321241465
long fiber foods,0.00010096859005975499
morning fasting reading,0.00010281799199894264
world healing center,0.00010636377035217663
cancer patients diabetic,0.00010963498074561467
meter maintenance wipe,0.00011077857695510644
high stress levels,0.00011127006624380326
world obesity congress,0.00011257141876561095
treating high blood,0.00011365779059084332
patients cancer patients,0.00011730587515764776
sugar levels,0.00011825924325008657
eat long fiber,0.0001197078633561588
type diabetes,0.00012180733996338047
life time challenges,0.0001229362403124352
diabetic patients exercise,0.00012314035051120374
blood glucose,0.0001241926109721946
diabetes glucose number,0.00012634240433153374
highly processed foods,0.0001266515484233766
diabetes care plan,0.00012888127015737885
mexican healing healer,0.0001312841529767232
reiki healing breast,0.00013201995670862778
lifethreatening high blood,0.00013353674082049267
roll call mine,0.00013444779234531224
blood glucose early,0.00013621294948200396
condition type diabetes,0.0001370037068842539
life time crisis,0.00013778795175283868
blood cells bone,0.00013810896729399928
move diabetes home,0.00013994746185017084
distant healing experience,0.0001417919228433139
toddlers type diabetes,0.0001441496140877837
immune system including,0.0001447274609098851
including healing thymus,0.00014476935173900624
glucose high levels,0.00014558161200643
feel diabetes burnout,0.00014619462776343993
respiratory system including,0.00014654717811384127
congestion heal body,0.00014689567819635245
heal body temperature,0.00014689567819635248
depression diabetic patients,0.00014741920864247494
cancer patient based,0.00015165047223935076
low carb diet,0.0001518119939625627
glucose levels diet,0.00015280501931572255
diabetes care roll,0.00015388754843897234
eexcess body fat,0.00015598059687864791
promote chronic inflammation,0.00015785431852139627
sugar levels close,0.00015840411595547743
disorder patients bangalore,0.00015899993002932753
disease patient based,0.00015955464694125213
healing experience required,0.0001613262516432138
post roll call,0.00016259222538501654
patient maharashtra india,0.00016498255906360063
tummy fat role,0.0001726365777636704
sugar free key,0.0001759798281583423
breast cancer healing,0.0001761518895621202
testicle cancer healing,0.0001761518895621202
healing breast cancer,0.00017615188956212022
glucose levels techniques,0.00017623618993802735
diabetic cooking show,0.0001785221033129913
white blood cells,0.00017894834960989072
today blood checks,0.00017895328698100158
february morning fasting,0.00018190979297361357
heal lymphatic system,0.0001824670669193928
infection eexcess body,0.0001845794697314301
simple meal idea,0.00018669793970947074
sugar levels vary,0.00018692248712111968
system ensure patients,0.00018727997711419806
glycemic meal idea,0.0001874559452567453
march time life,0.00018912262717461458
high roll call,0.0001898900805282056
healing techniques,0.00019179449494182837
blood glucose happens,0.00019237946357389776
india schizophrenia patient,0.00019466440781555278
respiratory system visit,0.00019533842696176722
healing terminology pain,0.00019795710110507675
normal body response,0.00019877482360199962
impacts chronic inflammation,0.00019958614913870326
term chronic inflammation,0.00020162842770502212
husbands sugar levels,0.0002037449808111235
morning fast readingroll,0.0002049910572018637
experience mexican healing,0.00020915563471995177
healing experience mexican,0.0002091556347199518
sugar glucose tabs,0.00021007464456195381
end body felt,0.00021120250147749236
day energize patient,0.0002112629378717246
make exercise time,0.000213391002123378
chia seed drink,0.00021517414562743516
bangalore minimum years,0.00021634635665377356
horrible yeast infection,0.0002169826264756609
clinic today hope,0.0002177159265747995
india skin disorder,0.00021784478731967852
experience diabetes burnout,0.00021795389668254848
vacancies minimum years,0.0002199567396610221
december morning fast,0.00022707781667799268
mumbai india heart,0.0002273478844029463
cancer patients started,0.00022788445006498558
normalise blood glucose,0.00022928184855028062
suboptimal blood glucose,0.00022928184855028062
fats including olive,0.00022946748110030357
detected type diabetics,0.00022991572462574734
healing center focusing,0.00023526729608599814
blood cholesterol levels,0.0002405462862108593
infection include respiratory,0.00024101129349964444
saturday february morning,0.00024197064918412008
diabetes mellitus treatment,0.00024310863451954914
diabetes treatment regimen,0.00024310863451954914
fast readingroll call,0.00024358635348693472
high protein low,0.00024368541450560564
morning fasting post,0.0002451259535062187
excellent year hope,0.00024527489120106664
fast reading weeks,0.0002462626921316733
low carb meals,0.0002470200838361145
evening roll call,0.0002479091828671676
ensure patients drinks,0.00024809286283816316
blood checks diabeties,0.00024896733491954333
maharashtra india skin,0.00025083749595080545
wednesday december morning,0.0002527385074633316
minimum years experience,0.00025306549721476
diabetes,0.000255250145258249
energy dealing diabetes,0.00025641921641975617
called type weekly,0.00025734154257352725
prevent diabetes complications,0.00025922074448739263
natural energy healing,0.0002595894214941339
sugar protection read,0.0002597320387477551
india heart disease,0.00026132935351198203
monounsaturated fats including,0.000262065092275899
disease maharashtra india,0.000262852613643623
situation needing sugar,0.0002648173882876677
healing complete excretory,0.00026716933235730703
skin disorder patients,0.0002676908187955994
completely cure diabetes,0.00026949064262582706
mumbai india schizophrenia,0.0002698947011062807
mumbai india parkinson,0.0002698947011062807
blockages mumbai india,0.00026989470110628074
complete respiratory system,0.00026994009339831147
ongoing diabetes selfmanagement,0.0002715161834283858
diabetes lives matter,0.0002757925584428517
day minimum minutes,0.00027796308353877653
life regression therapy,0.00027869268723940463
good morning group,0.00028010573157106756
international business partners,0.0002815053962887602
patient care support,0.0002823190919845482
diabetes happens due,0.00028413897366161295
body produces daily,0.0002864648793327718
weight excess body,0.00029148938141672196
shape diabetes reduces,0.0002915820864876806
complement system healers,0.00029198468769494923
emotional stress yoga,0.00029237835938294353
running sugar numbers,0.00029245995059725376
hypoglycaemia high level,0.0002928091840172424
hormone nervous system,0.0002932255077289784
stock home made,0.0002968559497098575
patient characteristics including,0.0002977849411647507
bangalore india recovery,0.0002992109950193566
diabetic sugar jaggery,0.0002998556881742098
medicine fact diabetes,0.0003010843804075495
dealing diabetes beans,0.0003018359366930349
immune system working,0.0003027274982691538
reiki healer vacancy,0.0003064025284937223
docs today blood,0.0003078286480798055
fiber rich foods,0.00030882918563578674
vacancies experienced healer,0.0003114372788537971
healer vacancies experienced,0.00031143727885379717
high fever daily,0.0003136769035886584
muscles filter sugar,0.0003140269627475545
diabetes selfmanagement education,0.00031407296044256395
distant healing,0.00031457615951866494
delicious sugar free,0.0003151540334056417
people feel full,0.00031546154805456913
recognises diabetes burnout,0.00031934374381063123
meal prep days,0.00032330376680373785
hour exercise class,0.00032548440578002256
eat solid food,0.000328734101803055
heart disease type,0.0003303096707186473
title called heal,0.0003313550756529977
weight improves insulin,0.00033138069335084965
marrow white blood,0.0003329922558638356
morning sausage patty,0.0003342562983374545
reiki healing,0.00033465378526405964
energy chronic pain,0.00033499522408924834
sugar,0.0003388915406088475
diabetic patients,0.0003394656234483733
mumbai india,0.00034106015255389645
heal endorphins hormone,0.000351039599589575
long term chronic,0.0003544990502419702
fever daily times,0.00035798574542125435
arrangement reiki healer,0.0003602524273439089
healing thymus gland,0.0003608095786812178
anus cancer patient,0.00036240729301647136
aged patients cancer,0.0003624072930164714
cancer patients approached,0.0003624072930164714
eating pasta helped,0.0003685209354205733
healer vacancy level,0.0003691679618765718
obesity congress covers,0.0003694761778434666
diabetes education initiative,0.00036950108157595075
uncontrolled diabetes education,0.0003695010815759508
weekly meter maintenance,0.00037044700623894045
delhi minimum years,0.00037073046223581234
includes diet nutrition,0.00037585824317822947
great day thought,0.000377628305354245
obesity congress great,0.00037776803598204976
feel fine hey,0.00037789304955978517
roll call,0.0003811537607256346
alzheimer disease patient,0.0003813862362634997
type weekly meter,0.0003826859047442118
peoples record lows,0.0003868434075944495
road good morning,0.0003898047284854276
typically spike blood,0.0003933595170628183
care roll call,0.00039476586450075586
crap food breakfast,0.0003950209440200558
fact diabetes happens,0.0003958863755872905
body felt weighed,0.00039591529589057034
body twist bow,0.00039591529589057034
water roll call,0.0003963613104316848
blood,0.00039731962461766297
include respiratory symptoms,0.0003995994965462216
diabetic friendly meal,0.00040200711455150903
fasting reading question,0.00040636830873745953
exercise stress management,0.00040652392758133726
chronic inflammation,0.0004080638628924792
hormone insulin muscle,0.00041056577794073386
snacks newly diagnosed,0.00041066517708229316
conducting free day,0.000413023389242461
free day workshop,0.000413023389242461
drinking lemon juice,0.00041431930448903144
treatment insomnia patient,0.0004151239904093674
make good money,0.0004157023352667801
side high protein,0.00041675730660086684
diet nutrition exercise,0.00041721717978236743
low glycemic meal,0.0004174166701426673
attunement past life,0.00041930652521348386
past life regression,0.000419306525213484
tired morning fasting,0.00042074828260851
allied international journals,0.00042127440897597545
obesity congress glad,0.000422097697920647
organizer obesity congress,0.000422097697920647
protein low carbs,0.0004224517649515613
manager obesity congress,0.00042380788345419793
diabetic cook book,0.00043420815149864653
american diabetes association,0.00043487100049167124
diabetes association switch,0.00043487100049167124
longstanding diabetes mellitus,0.00043487100049167124
diabetes diabetesawareness healthblog,0.00043487100049167124
everyday diabetic cook,0.00043678585842682986
eye clinic today,0.0004375546062657089
hot water healers,0.00043824750997071773
diabetes tremendously recently,0.0004396134263024673
meditation breathing techniques,0.0004398178416887923
garlic add carrot,0.0004443737486835717
world class open,0.00044560679934925105
brain hormone called,0.00044937314045877095
world international event,0.0004501889114217718
health benefits stay,0.00045117936687771745
inflammationvarious antiinflammatory diets,0.00045297664496886934
eat portion sizes,0.00045813503719795753
financial liquidity crisis,0.0004610542348955697
psychological disorder patients,0.0004636437551078418
anxiety disorder patients,0.0004636437551078418
upcoming world obesity,0.0004639442559277391
custard apple tree,0.0004639606502648884
late night diabetic,0.0004657593864721113
patients started knocking,0.0004658947750455695
july morning fasting,0.00046832472346612864
long low glycemic,0.0004694189795991982
program manager obesity,0.0004705124017873208
good evening family,0.0004741754817389477
rise fact diabetes,0.0004758219693553108
high net worth,0.00047613697542202825
severe congestion heal,0.00047756786379804967
companies business partners,0.00047844510339492666
international journals discount,0.00048166595393598944
working morning today,0.0004828509542808181
healthy eating plan,0.00048330296947750003
prep days chicken,0.00048556895070187256
days chicken nachosbaby,0.00048556895070187256
business issues litigations,0.00048675048484130354
recipes roll call,0.0004868570949152652
international event plan,0.0004918003251098219
morning fasting readingroll,0.0004923888041555134
june morning fasting,0.0004948564020957273
training stay turned,0.0004968557036346326
obesity congress held,0.0004984501274329029
moderation including pasta,0.0004988311518556958
including pasta sophia,0.0004988311518556959
low carbs faith,0.0004998037409821642
low carb bar,0.0004998037409821642
pill aniglipton hope,0.0005008811256169488
awesomely delicious sugar,0.0005008880794249655
favorite low carb,0.0005052298984689608
complete excretory system,0.0005059221354575463
injured cells immediately,0.0005060330447676735
location bangalore mumbai,0.0005079291851446108
hormone called endorphin,0.0005081666056334335
regular brown sugar,0.0005083711018055094
add carrot pepper,0.0005097954658402149
reiki universal energy,0.0005100100040655026
plan dsmes programs,0.0005162697023607288
good evening group,0.0005174143730743399
morning fast,0.0005178241387109916
breakfast thee egg,0.0005197664765373587
diabetes healing,0.0005199414324160296
nutrition exercise stress,0.0005213692252137084
showed good response,0.0005222317289726698
internal medicine doctor,0.0005247255229391456
eggs carbs sugar.breakfast,0.0005258345472109838
respiratory symptoms fever,0.0005270657896531374
severe cases infection,0.0005282517898244101
disease blockages mumbai,0.0005289985546258478
factory months back,0.0005308651182042
kidney dialysis patient,0.0005349636795873997
obesity congress,0.0005380552085222862
health care provider,0.0005387010492662485
process alternate therapy,0.0005392570969890687
negative energy chronic,0.0005411059303967465
immune system,0.0005441462185756914
eating plan provides,0.0005455057906956517
healing,0.0005467049512070584
critical patients suffering,0.0005477184919186701
calories fat protein,0.0005506769889728037
boiling stock home,0.0005514953968849854
hateful day nah,0.0005573226561914522
high heart rate,0.0005592722994847773
lungs regularly times,0.0005617550188712904
emotional issues yogameditation,0.0005630851892368555
physical activity based,0.0005643150277980255
meter today tested,0.0005657918811940547
sufficient life expectancy,0.0005664443508958127
nice foods dinner,0.0005672423550538132
release chemicals called,0.0005700018462504893
chemicals called endorphins,0.0005700018462504893
therapy expert vacancies,0.0005712856256660093
group feeling positive,0.0005739651303484861
system working wellfruits,0.000574963624598649
care plan dsmes,0.0005766752000545183
evening march time,0.0005806326741263573
cells bone marrow,0.0005806628774613969
excretory system ensure,0.0005806935855520862
type diabetic,0.0005818016503957215
heal coronavirus naturally,0.0005842666516796524
fasting readingroll call,0.0005850161984671807
body fat,0.0005929614904010983
healing methods,0.0005935611708705242
method video motivation,0.0005936094120778655
people common signs,0.0005967208052890133
late post roll,0.0005968125437754623
physiotherapy treatment pain,0.0005987161615818105
adverse effects including,0.0006028035161935331
effects including hypoglycemia,0.0006028035161935331
runs super high,0.0006030028320322168
diabetic friendly snacks,0.0006042237594026266
health care organization,0.0006042392688394878
tamil nadu india,0.00060438028285073
give long term,0.0006053654912948298
diseases alzheimer disease,0.0006083073804958128
home remedies custard,0.0006124520911280086
type diabetics view,0.0006144149456486727
diabetic type aic,0.0006144149456486727
kamath ceo heal,0.0006149855817188718
night diabetic friendly,0.0006150919825638916
medications modern medicines,0.0006202094825605824
improves insulin sensitivity,0.0006242191706607565
diabetes diabetes,0.0006261177005041434
insomnia patient maharashtra,0.0006287135925659575
events organizer obesity,0.0006431915182827997
celery raw medium,0.0006488303717280252
newly detected type,0.0006492942802741227
abusing gabapentin type,0.0006492942802741227
wednesday july morning,0.0006511106545282826
fatsuse monounsaturated fats,0.000653129626954135
stoped losing weight,0.000654572424815377
chemicals called prostaglandins,0.0006567891235245535
tale roll call,0.0006571736208673777
saturday june morning,0.0006587136825230325
support dsmes programs,0.0006635487870455365
diabetes blood,0.0006663404601439879
plan physical activity,0.0006664308086064221
age including infants,0.000667982696920616
cancer healing,0.0006684306092829287
buying pasta made,0.0006686414748088722
christmas.late post roll,0.0006702796188278724
family evening roll,0.0006727648294271548
hard time keeping,0.0006729108081398124
vacancies location bangalore,0.000673437084727686
breakfast month fun,0.0006737846068557322
sugar free,0.0006739713364732921
leaner protein foods,0.0006755846951972401
full heart mind,0.0006772333153553772
care plan inconsistent,0.0006812458471529128
subgroup weekly including,0.0006820726209133706
weekly including dark,0.0006820726209133706
spleen complement system,0.0006835742877445862
including olive safflower,0.0006848778950071944
honey dealing diabetes,0.0006873690618673939
feel crazy exposed,0.0006895656790313693
doctor put,0.0006904493524058412
anti diabetic properties,0.0006943066949554683
diabetic properties present,0.0006943066949554683
alcohol based situations,0.0006943415660481563
growing health care,0.0006962354161854035
accu chek guide,0.0006981103181176451
glucose hunger control,0.0007064007823115997
treatment pain relief,0.0007073072750263934
free online service,0.0007076132174708197
work lord krishna,0.0007076821185881874
life time,0.0007080793051552537
stop medication completely,0.0007093073421752103
stay blessed group,0.0007147237505358402
reduce weight improves,0.0007148594474486867
good watch weekly,0.0007156489527412526
temporary arrangement reiki,0.0007167434044862235
sugar free creamers,0.0007175704704443883
curious recently diagnosed,0.0007199243935817824
antiinflammatory effects aim,0.0007203388251595138
sleep directly impact,0.0007269991807444835
long term thoughts,0.0007277020897202036
endorphins hormone nervous,0.0007294865690910463
august morning fast,0.0007296431648931255
october morning fast,0.0007296431648931255
strength training stay,0.0007347419986520134
cancer bulky size,0.000737092005443135
eating habits changing,0.0007375168817605733
shape makes muscles,0.0007397240597451457
location bangalore minimum,0.0007415961742628776
elderly aged patients,0.0007431550751015182
orthopedic cardiac patients,0.0007431550751015182
lifetime enforcing patients,0.0007431550751015182
managing diabetes,0.0007436209997244589
pain killerssteroid injections,0.0007462127345896195
morning fasting,0.0007477984704114997
respiratory syndrome kidney,0.0007526235971941256
wonderful saturday check,0.0007536765342253277
ate anythin dear,0.0007540127052943759
feel full longer,0.0007552487109451773
expert vacancies minimum,0.0007571037110406351
glucose levels,0.0007602202414235781
low blood,0.0007620174500337561
fast growing health,0.0007623454328595942
experience required student,0.0007626449736462859
benefits stay tuned,0.0007626499818739755
conference banners books,0.0007653886212237366
patients face watch,0.0007655033072646847
trash put tag,0.000765606632930468
health issues related,0.0007656677503698733
garlic carrots peeled,0.000767389916285164
conference delegate bags,0.0007699530987659464
losing weight total,0.0007727027227693696
side effects months,0.000776418379762123
control feeling hopeful,0.0007769625350365208
saturday august morning,0.0007783439718160679
diseases dear friendsmembers,0.0007789924093529365
glucometer quick question,0.0007806205304316034
organizing committee member,0.0007810590018010523
checks diabeties check,0.00078438273978865
nutritional powerhouses high,0.0007853863130776495
including dark green,0.0007862179436289515
forms count including,0.0007862179436289516
count including fresh,0.0007979353945112617
including fresh frozen,0.0007979353945112617
blood cells,0.0007980311861058249
ancient healing,0.0007995717204352026
plate method video,0.0008016202878144327
diabetes burnout,0.0008042174163555465
accupressure acupressureisa technique,0.0008056617234102966
optimally relaxation techniques,0.0008056617234102966
learning selfhealing technique,0.0008056617234102966
severe acute respiratory,0.0008082804380115027
remedies custard apple,0.0008083410697114911
favorite comfort food,0.0008088424647247233
page rocks.this page,0.0008090620119147096
diabetes home,0.0008117522015177125
september ovarian cancer,0.0008132929839665172
settings super happy,0.0008138706525592771
super happy finally,0.0008138706525592771
system healing,0.0008148489841044263
based situations ahh,0.0008172694201449702
major financial liquidity,0.0008184380903633801
health care firm,0.0008193418388392964
include inserts provided,0.0008235534579568521
progress testicle cancer,0.000823668708809043
similar safety trials,0.0008251907949947268
high,0.0008289181670354656
mater lancing device,0.0008327991174333657
meal idea,0.0008368551487657099
home remedies ragi,0.0008374713315911079
class open access,0.0008407062879047139
barely eat bread,0.0008415514877189995
sugar control,0.0008426576531031754
asanas include vajrasana,0.0008444329089500039
congress great portland,0.0008456006558878041
completely cured treatment,0.0008480754353449312
low dizzy sweating,0.0008503141197805543
dont evening roll,0.0008510219937514833
usual good evening,0.0008515396679395319
event organizers vacancies,0.0008530422510924199
fun recipes roll,0.000854092547458983
sunday remember disney,0.0008600396657723054
page cover letter,0.0008600396657723054
seek medical advice,0.0008697891978610317
makes muscles filter,0.0008741847436261618
make pranayamas breathing,0.0008741847436261618
care support team,0.0008759757259627461
texting app feeling,0.0008782070274968639
app feeling frustrated,0.0008782070274968639
egg jalepeno cheese,0.0008823189487860472
fine folks found,0.0008838416774856395
healing patient,0.0008852366502600667
bangalore india,0.0008872956935703875
show side effects,0.0008880001810622532
book title called,0.0008893869413454732
calories parade eggs,0.0008893869413454732
diabetic husband passed,0.0008916191083298883
semolina portion control,0.0008919564552195108
major health concern,0.0008940213103003824
thee egg omelet,0.0008946947179575652
taco corn egg,0.0008946947179575652
dealing diabetes,0.0009017701351329816
placement companies business,0.0009027283254506258
feeling unwell today,0.0009046193834914153
things meant high,0.0009088307615914736
team contacthealtheworld.in visit,0.0009107871259468992
stay healthyget adequate,0.0009141856777515213
cancer patients,0.0009144850244501143
respective countries visit,0.00091453804416337
reiki distant,0.00091569125716193
give free advertisement,0.0009195109560532814
lifestyle habits role,0.0009204360249680091
doctors till july,0.0009206415268749775
care docs today,0.0009214521273488473
facing including threat,0.0009257060355955285
characteristics including frailty,0.0009257060355955285
healing experience,0.0009303134208653523
sugar high,0.0009312514530632122
high sugars,0.0009312514530632122
minimum years,0.0009340904508800756
pranayamas breathing exercises,0.0009375781745496626
appointment eye clinic,0.0009395626223443044
long lemon pudding,0.0009400842289254141
major cities event,0.0009434019474830433
produce similar effects,0.0009470229246502175
depression anxiety disorder,0.0009472603790415897
test strips pharmacy,0.0009526831322523447
test strips arrived,0.0009526831322523447
diabetes high,0.0009547199440876776
free key lime,0.000955944818091655
tbsp celery raw,0.0009560292863757538
glimepiride side affects,0.0009571719218904716
ovarian cancer bulky,0.0009574230008374671
mode anus cancer,0.0009574230008374672
untill soft add,0.0009614463674561304
ingredientslow glycemic meal,0.0009633804645977238
weight gain due,0.0009647304966293024
regression therapy expert,0.0009654767982188966
plan inconsistent medicationtaking,0.0009654767982188966
favourite diabetic friendly,0.0009656209285898722
people seek alternative,0.0009662052959487907
vacancy location bangalore,0.0009670744045156197
diabetic sugar,0.0009720888987176868
energy healing,0.0009746660031739787
processed hulless barley,0.0009814105326611095
healthyget adequate sleep,0.0009827228252640456
diabetes care,0.000988044610144306
symptoms fever cough,0.000989615189567416
size uterus size,0.0009896256968991916
negative side effects,0.0009904744874682848
blood work,0.0009914008198655708
dsmes programs provide,0.0009935018078109177
real deal hmm,0.0009958113502228495
heart disease blockages,0.0009977760218645802
internet service providers,0.0009978462702054068
ate maple oatmeal,0.0010040453696078153
alcohol.weekly meter maintenance,0.0010051428217543572
needed.weekly meter maintenance,0.0010051428217543572
month fun recipes,0.0010104917202325937
angel favorite low,0.001012194760683336
student counselor vacancies,0.0010124275941694428
give medical advice,0.0010135009278715295
late breakfast thee,0.001015895788151877
inhale hot water,0.0010261172741325615
hot water steam,0.0010261172741325615
body,0.0010304760339878859
system including,0.0010388290398982327
box test strips,0.0010393756607421842
acute respiratory syndrome,0.0010456846221444946
diabetes late nite,0.0010474368959856695
stepsstep make fruits,0.0010475362604934757
components called phytonutrients,0.0010535454966030726
parade eggs jumbo,0.0010535454966030726
eggs jumbo grade,0.0010535454966030726
corn egg jalepeno,0.0010535454966030726
finely diced green,0.00105424941684853
pepper finely diced,0.00105424941684853
finely diced large,0.00105424941684853
clark program manager,0.0010544562618423673
keto cheddar bay,0.0010588533595982986
litigations employee issues,0.0010589924692463919
issues litigations employee,0.001058992469246392
natural components called,0.001060861918117304
overcome financial liquidity,0.0010629882147000726
lifestyle factors eating,0.001064148449370812
diced large courgettes,0.0010673676137948494
urine frequent urination,0.0010674220913478656
body diabetic,0.0010674938810542826
medium onions peeled,0.001071819871326529
day,0.001075043699478479
sunflower medium onions,0.0010761926594705653
support team contacthealtheworld.in,0.001077135276292086
art free online,0.0010772208088244127
apple tree acts,0.0010785933428749377
powerhouses beans make,0.0010800487790562467
decide pneumonia struck,0.001082994868384055
stomach issue boom,0.0010859371686388045
indian major cities,0.0010875899897228064
bone marrow white,0.0010875899897228064
note vivek kamath,0.0010876603990408597
shows higher numbers,0.0010896300740305845
random sugar testing,0.0010918097193842568
free sending love,0.0010919758087961143
anythin dear facebook,0.0010920991608362053
diabetes type,0.0010962660596704242
medicationtaking behavior affects,0.001096556227557093
fat.minimize highly processed,0.0010968629381515442
dishes.minimize highly processed,0.0010968629381515442
custard apple leaf,0.00109690114866067
flaxseed chia seeds,0.0010969011486606703
including healing,0.0011002720898966156
itchy spot thought,0.0011004032425114846
personal health condition,0.0011032178924712402
physiotherapy treatment watch,0.0011091007280325253
franchise training centers,0.0011106111050852654
raw medium stalk,0.0011151902603533765
strip meter thingy,0.0011159819507019283
heal body,0.001117207032370519
required student counselor,0.0011198276905086358
undergo similar safety,0.0011198276905086358
wealth creation stock,0.0011227492082874198
litres boiling stock,0.0011227492082874198
cpeptide test results,0.0011242359473709624
smoked salmon lbs,0.0011244725815768403
arms muscles organs,0.0011244725815768403
skin reacts badly,0.0011322261863862405
increase microvascular benefits,0.0011324044224609391
brain deposits negative,0.0011349927712997244
week.enjoy meatless meals,0.001139140791513286
meal planning mealfood,0.001139140791513286
include vajrasana kneeling,0.0011417366297252652
good foot lotion,0.0011433259445547705
blood pressure,0.0011461125779411014
grains officially tested,0.001146454653695451
powerful healing,0.0011472670980999266
frustating death roll,0.0011545040585693505
counselor vacancies location,0.0011578295329804837
page rocks woke,0.0011578295329804837
blessed group feeling,0.001161678308288721
itchy stopped saturday,0.0011682620777228505
diabetic,0.0011706090413173432
healing healer,0.0011720626078976083
patient based,0.0011728396742902855
flesh eating bacteria,0.001173708906176106
watch weekly meter,0.0011738816842658717
programs provide essential,0.001174718237526471
improve cholesterol numbers,0.00117578799419584
slowly crept back,0.0011772735488048132
bayer contour strips,0.00117781204922156
fast reading,0.001182520375455626
seek alternative treatments,0.0011878936458473322
test strips,0.0011932909425569913
business partners,0.0012052204037057146
physical activity research,0.0012074518633740528
healthy weight excess,0.0012126911952965655
frequent urination increased,0.0012135433993444042
dilation eye clinic,0.0012157096987323065
type,0.0012160335375080292
green pepper finely,0.0012205530258442255
cities event organizers,0.0012206889854653857
protein select fatty,0.0012233713441486996
diced green pepper,0.00122561377388991
scientific events organizer,0.0012256753597679698
maintenance wipe,0.0012293883061359392
lysol wipe,0.0012293883061359392
red itchy spot,0.0012306823124379816
depressed dont evening,0.001231292620326066
world healing,0.0012348571225340524
endocrinologist prescribed trulicity,0.0012357586212675964
selfmanagement behavior adherence,0.0012357586212675964
saturday evening march,0.0012384778219577566
finely diced clove,0.0012414051024070192
savina clark program,0.0012418756268137224
ugh wahoo question,0.00124251295702353
deposits negative energy,0.001244366223292537
employee issues bank,0.0012470488595075697
land litigation issue,0.0012470488595075697
litigation issue located,0.0012470488595075697
pasta sophia loren,0.0012470598865026987
diabetes stress,0.0012498998342120472
saturated fat.minimize highly,0.0012517115945212274
master degree certification,0.0012568767359336125
low carb,0.001258812616051398
everyday feeling betrayed,0.0012621364578110576
track lost stone,0.001267285195838771
diabetesawareness healthblog exercise,0.0012679160905710559
healthblog exercise pjosh,0.0012679160905710559
exercise pjosh pdf,0.0012679160905710559
sharp stabbing pains,0.0012679160905710559
liquids either.pneumonia struck,0.0012701590411828216
apple tree annona,0.0012701590411828218
plan provides nutrients,0.0012709323558879877
garbage plate method,0.001280674042298438
gland bone marrow,0.0012807680740920587
bone marrow spleen,0.0012807680740920587
long acting downward,0.001281840463969392
short term gain,0.0012837890874661606
bones joints arms,0.0012860047252542615
dear facebook membersgroup,0.0012913440268568466
note indian healthcare,0.0012913440268568466
pneumonia severe acute,0.0012913440268568466
cooked pearl barley,0.0012913440268568466
open access publisher,0.0012913440268568466
spot thought bug,0.0012958413717211181
testimonials face book,0.001297477411802602
processed foods,0.00130067341737805
garbage embrace meter,0.0013337649564260175
find resistant starches,0.0013391905798534238
kidney failure learn,0.001342684061487817
freestyle optimum neo,0.0013466630653571053
moderateintensity physical activity,0.0013570785500226503
compliance physical activity,0.0013570785500226503
partially hydrogenated oils,0.0013579852621737837
cautionary tale roll,0.001359845398007286
avoided injections prefer,0.0013636607014188582
ime running sugar,0.0013661810727639127
tremendous future health,0.0013681854326187965
future health possibilities,0.0013681854326187965
health possibilities pizza,0.0013681854326187965
managersales directormany vacancies,0.0013693456774076995
rocks.this page rocks,0.0013693456774076995
lower blood,0.0013708878844754943
disorder patients,0.0013710586272816484
fiber foods,0.001374613585559659
day long,0.0013755305704751654
respiratory system,0.0013774111349460943
complete foot job,0.0013819134935564475
insulin pump,0.0013821936769451782
side effects,0.001397542967887887
universal energy sounds,0.00139850323799762
twist physical activityexercise,0.001398544854263864
halfspinal twist physical,0.0013985448542638641
ensure compliance physical,0.0013985448542638641
cheese taco peanut,0.0013995367854770149
diabetes discoveries practice,0.0014009359038959165
manager vacancy location,0.0014134386473531086
time life,0.0014161586103105075
taco peanut butter,0.00141922030038517
blackeyed beans drained,0.001423335684961837
insulin,0.0014253184037902656
provide essential information,0.0014328932931456507
urination increased thirst,0.0014351651030121905
ground flaxseed chia,0.0014375906214003607
members kindly note,0.0014388475079675294
business issues,0.001440075049173465
time,0.0014492542366726815
ears eyes sinuses,0.00144953950122235
weakness dizziness tired,0.00144953950122235
saturated fat.step select,0.00144953950122235
physical activity,0.0014518565185091777
grain bread calories,0.0014520943684611595
purchased boom yeah,0.0014555278164144483
chicken nachosbaby spinach,0.0014555278164144483
golden quote rule,0.0014555278164144483
olive safflower sunflower,0.0014555278164144483
impact inflammation.be active,0.0014555278164144483
remember disney pixar,0.0014555278164144485
cover letter documenting,0.0014555278164144485
large courgettes sliced,0.0014555278164144485
onion untill soft,0.0014555278164144485
giving attunement past,0.0014555278164144487
walmart prime showed,0.0014555278164144487
rich foodsenjoy salmon,0.0014555278164144487
large saucepanand cook,0.0014555278164144487
parsley serves courgette,0.0014555278164144487
joints arms muscles,0.0014555278164144487
dinner blood,0.0014569524425800395
head cold raise,0.0014635786802176694
friendly meal smile,0.0014638615709426546
issues bank debt,0.0014689896765636983
bank debt issues,0.0014689896765636983
latest physical activity,0.001469411465132014
delicious meals appreciated,0.0014696053136195033
pimento tbsp celery,0.0014697867851711508
good morning,0.0014751837046675508
emotional stress,0.0014919357185659784
diabetes emotional,0.001493432802099357
thought bug bite,0.0014945121685671636
wondering australia terms,0.0015041605656046873
feel diabetes,0.001507379636022113
fever cough shortness,0.001508651235137546
center focusing initially,0.001508651235137546
cupcake blackberries raw,0.001508651235137546
thymus gland bone,0.0015149391307194531
involves placing pressure,0.0015149391307194531
bulky size uterus,0.0015149391307194531
amino acid methionine,0.0015212372614656917
key lime pie,0.0015212372614656917
cable internet service,0.0015212372614656917
alpha lipoic acid,0.0015212372614656917
lipoic acid ala,0.0015212372614656917
taking medicine fact,0.0015226543073499532
rise barley holds,0.0015318302931282494
syndrome kidney failure,0.0015389194264776361
cure diabetes,0.0015428952214534167
fat role,0.0015479675164117108
cheesy vegetable soups,0.0015575452700465023
eating mini meals,0.0015583569004498693
present studies show,0.0015638268882721918
doctor,0.001571438009361972
select fatty fish,0.0015758351186527478
managing blood,0.0015828722120072157
year hope,0.001585859901829678
discounted price opportunity,0.0015919147238470902
sugar glucose,0.0015934528784560436
boost glucose hunger,0.001598986405205871
link click enter,0.001602594590208301
regular physical activity,0.001603994491147532
body cells,0.0016063891468672614
carbs sugar,0.0016084880853869062
increased thirst part,0.001625849672996231
increased cvd risk,0.001625849672996231
life,0.0016263030385025186
diabetes glucose,0.0016336367610859464
eating sugar,0.001634023081055849
patients bangalore,0.001634536705727275
diabetes medication,0.001636925277635887
healthy fatsuse monounsaturated,0.0016420433630843798
losing weight,0.0016453208602183092
grains typically spike,0.0016487711799226955
jalepeno cheese taco,0.0016487711799226955
verioiq accu chek,0.0016515967971300967
chek guide telling,0.0016515967971300967
award organizing committee,0.0016515967971300967
active regular physical,0.0016531140815452094
energy sounds bizarre,0.001654405677602483
chronic diseases,0.0016576112577258604
vivek kamath ceo,0.0016583823684399482
net worth industrialist,0.0016583823684399482
genuine bayer contour,0.0016583823684399482
vivek kamath heartiest,0.0016583823684399482
emotional issues,0.0016646403590863973
slow frustating death,0.0016651777704973128
touch verioiq accu,0.0016651777704973128
recovery mode anus,0.001672001285004777
peanut butter salted,0.001672001285004777
light red itchy,0.0016720012850047774
bacon ham spinach,0.0016720012850047774
polycystic ovarian syndrome,0.0016720012850047774
specifically penicillin raise,0.0016720012850047774
inconsistent medicationtaking behavior,0.0016720012850047774
dark green red,0.0016720012850047774
deli meat bacon,0.0016720012850047774
sunflower canola peanut,0.0016720012850047774
avocado oils.eat rich,0.0016720012850047774
chopped parsley serves,0.0016720012850047774
diabetes eating,0.0016752317790498569
high fat,0.0016886231442702494
nervous system,0.0016891553434664167
diabetic cooking,0.0016945426292105286
patients diabetic,0.0016973281172418665
lemon pudding cake,0.0017008176170992468
dynamic energetic enthusiastic,0.001707872692570481
eyes sinuses maxillary,0.001707872692570481
antiinflammatory diet,0.0017106482472785695
weight total consumption,0.001713411561219918
friendly snacks newly,0.0017138720551459798
started healing,0.0017141383844295397
student counseling sales,0.001714938760372876
directly impact inflammation.be,0.001714938760372876
courgettes sliced litres,0.001714938760372876
quote huey lewis,0.001714938760372876
frosted medium cupcake,0.001714938760372876
medium cupcake blackberries,0.001714938760372876
recalling smoked salmon,0.0017149387603728765
apricot glazed salmon,0.0017149387603728765
call mine,0.0017186458594425867
rice quinoa millet,0.0017205950335706657
wheat berries.step experiment,0.0017263412721963127
glucose blood,0.0017386965536107244
diabetic type,0.0017454049511871647
amount unit calories,0.0017468360728273547
wheat grain bread,0.0017468851255339366
world obesity,0.001753730283695131
kinda feeling blah,0.0017578141782588399
diabetes question,0.0017720051982672736
fact diabetes,0.001774846413458908
testing shows higher,0.0017759868543597
patients heal,0.0017764246754743446
heal patient,0.0017764246754743446
years.hallelujah roll call,0.001776543583824041
healing centers,0.0017806835126115722
clorox or lysol,0.0017837114421780857
healing testimonials,0.0017879711626978673
diabetic review yesterday,0.0018136366490921344
healthy foods disgusting,0.0018176605529361973
turn reduces glucoagon,0.0018353302336953945
creambased cheesy vegetable,0.0018353302336953947
brightly colored vegetables,0.0018353302336953947
control blood,0.0018389476408584794
diabetes treatment,0.00184196587228189
latest newest model,0.0018496834222617316
normal sugar,0.0018555977224200462
remedies ragi finger,0.0018570252152463726
sugar test,0.0018630402851942324
facebook membersgroup members,0.0018634518663715174
call for saturday,0.0018737059301082517
sugar numbers,0.0018779592650583438
diabetic doctor,0.001879857566233661
end body,0.0018816537451939012
meter maintenance,0.001887737955154425
sugar hyperglycemia,0.00189423770483328
fasting reading,0.0018965328355497319
free foods,0.0019010177581033517
high stress,0.0019065023109273154
maharashtra india,0.001926225593150392
india,0.0019270539220639549
prevent diabetes,0.001942021521930289
choose healthy fatsuse,0.0019430078714973954
today hope,0.0019493234918658826
stroke heart attack,0.00195083271694854
lentils.choose leaner protein,0.0019586687945258095
food log,0.0019590539003315308
marrow spleen complement,0.0019623753729036387
tree annona squamosal,0.0019623753729036387
poster award organizing,0.0019623753729036387
indian healthcare sector,0.0019704305245756555
infants elderly aged,0.0019704305245756555
cheddar bay biscuits,0.0019704305245756555
ham spinach tomato,0.0019704305245756555
nachosbaby spinach trail,0.0019704305245756555
spinach trail mix,0.0019704305245756555
researchbased evidence ayurveda,0.0019704305245756555
antibiotics specifically penicillin,0.0019704305245756555
properties present studies,0.0019704305245756555
krishna allah buddha,0.0019704305245756555
stars heck yeah,0.0019704305245756555
addicts abusing gabapentin,0.0019704305245756555
almond butter waffles,0.0019704305245756555
depressed unhappy flustered,0.0019704305245756555
inflammatory.five dietary approaches,0.0019704305245756555
fruitsall forms count,0.0019704305245756555
safflower sunflower canola,0.0019704305245756555
oils.eat rich foodsenjoy,0.0019704305245756555
walnuts.toss ground flaxseed,0.0019704305245756555
registered dietitian nutritionist,0.0019704305245756555
freshly ground black,0.0019704305245756555
ground black pepper.freshly,0.0019704305245756555
black pepper.freshly chopped,0.0019704305245756555
pepper.freshly chopped parsly,0.0019704305245756555
vajrasana kneeling pose,0.0019704305245756555
kneeling pose shoulder,0.0019704305245756555
pose shoulder stand,0.0019704305245756555
stand plow pose,0.0019704305245756555
plow pose lying,0.0019704305245756555
twist bow posture,0.0019704305245756555
sitting halfspinal twist,0.0019704305245756555
francisco usa kidney,0.001972248589533193
usa kidney dialysis,0.001972248589533193
liver damage homeopathy,0.0019770393894485375
twolegged forward bend,0.0019839670570755683
sugar jaggery honey,0.0019844386788431083
eat long,0.0019854392969243587
total energy intake,0.00198576199189296
eggs carbs,0.001985880303887443
unit calories parade,0.001988106143222785
big land litigation,0.0020000466716754376
fresh frozen canned,0.0020000466716754376
adding fresh herbs.spice,0.0020000466716754376
critically important sessions,0.0020000466716754376
eat,0.0020090409063066145
gave healing,0.002011050629550266
healing remedies,0.002011050629550266
healing complete,0.0020192013368706407
free sugars,0.0020219140094198764
good,0.0020249670284960618
patients,0.0020273055269817686
sugars,0.002033349243653085
normal body,0.002037890594475829
progress patient,0.0020482245648058427
barriers patients face,0.0020541616738705966
health care,0.0020555976007555405
brown rice quinoa,0.0020585600510970104
planning mealfood research,0.0020652663783302023
mealfood research grocery,0.0020652663783302023
research grocery shopping,0.0020652663783302023
description amount unit,0.002071160204897063
diabetes lives,0.00207292523767499
diabetes check,0.0020811799377762298
diabetes give,0.0020811799377762298
days yuck,0.002081762484483585
coronavirusprevention hand washing,0.002082545289059557
readingroll call,0.0020863651497956383
alternate therapy,0.0020912594027296754
hate diabetes,0.002101782984699154
brings sugar,0.0021092224016278573
tbsp kraft cheese,0.002121320522114001
patient,0.002128670803330857
dinner curious recently,0.0021360540179806912
today blood,0.0021370108557269476
ragi finger millet,0.0021427951190474653
move diabetes,0.0021448654812053903
butter salted tbsp,0.002151290853976979
treats diabetes,0.0021536467916871533
lifestyle taste preferences,0.0021747294601489435
eating plan,0.002175546372390159
lymphatic system,0.0021774333263813836
long fiber,0.002191922040365004
good diet,0.0021924920667802696
membersgroup members kindly,0.002196483703195297
editorial board member,0.0021964837031952975
diabetic journey,0.002202583097417601
patients drinks,0.0022110951082386296
system healers,0.0022133620438759207
blood checks,0.002215085049634366
heavenly water roll,0.0022170437828990027
seed drink,0.0022177059983395577
high level,0.0022194202565490643
experience diabetes,0.002241195244388528
diabetes find,0.002241195244388529
india skin,0.002243391202148611
glucose control,0.002258073549037429
eat smaller amounts,0.0022701206094498222
kraft cheese spread,0.0022983017005913115
cheese spread pimento,0.0022983017005913115
body nervous,0.0023070665883958446
mexican healing,0.0023129934785542016
crystal healing,0.0023129934785542016
kidney disease prevention,0.0023174632573905837
invest small capital,0.0023212578631334325
resume knitting crocheting,0.002322836257220426
energetic enthusiastic selfconfident,0.002322836257220426
enthusiastic selfconfident selfstarter,0.002322836257220426
counseling sales executivesales,0.002322836257220426
sales executivesales managersales,0.002322836257220426
executivesales managersales directormany,0.002322836257220426
nose pharynx larynx,0.002322836257220426
pharynx larynx trachea,0.002322836257220426
larynx trachea bronchi,0.002322836257220426
sinuses maxillary ethmoid,0.002322836257220426
maxillary ethmoid sphenoid,0.002322836257220426
trail mix mixed,0.002322836257220426
mix mixed nacho,0.002322836257220426
mixed nacho chipsyogurt,0.002322836257220426
decision cycle ensuring,0.002322836257220426
listeria monocytogenes contamination,0.002322836257220426
minnesota police paramedics,0.002322836257220426
nail salon charges,0.002322836257220426
germs wounds allergens,0.002322836257220426
wounds allergens toxins,0.002322836257220426
grainschoose wholegrain flours,0.002322836257220426
sliced litres boiling,0.002322836257220426
chromium picolinate alpha,0.002322836257220426
picolinate alpha lipoic,0.002322836257220426
showing tremendous future,0.002322836257220426
dropped likea bomb,0.002322836257220426
shoulder stand plow,0.002322836257220426
bow posture twolegged,0.002322836257220426
levels diet,0.002329286056945984
nutritional powerhouse adding,0.0023304839158400934
tasty almond butter,0.002330805852176894
local sprouts store,0.0023308058521768946
inflammation.be active regular,0.0023308058521768946
morning,0.0023393063723695495
diagnosed,0.002339834148882764
needing insulin,0.002342322523839003
fats including,0.0023444090665275365
gain decent profit,0.0023484474645993113
posture twolegged forward,0.0023484474645993113
sexual health issues,0.0023529455793666696
needing sugar,0.002353261273578891
crafty folk hanging,0.0023578208076024047
spices.other lifestyle factorsthough,0.0023578208076024047
controlled sugars,0.0023724075934168126
dont feel comfortable,0.002382040006777455
long term,0.002398593147139389
common barriers patients,0.002401893761509249
patients healers,0.0024048452846459336
food,0.0024105839420648697
ongoing diabetes,0.0024126522490666396
reverse diabetes,0.0024322829511216277
tummy fat,0.0024478458428659118
monounsaturated fats,0.002457711553927513
normal life,0.00247508737515592
work,0.0024803493192279693
glucose high,0.0024923272764237787
called heal,0.002509927126121115
nutrient powerhouses beans,0.0025099643951001535
patients mumbai,0.0025127915724954333
yeast infection,0.0025162682845786474
years ago,0.002516319141803063
year ago,0.002516319141803063
post roll,0.0025265459256539184
butternut squash smile,0.00253651358924337
lord krishna allah,0.00253651358924337
caroline minor writes,0.00253651358924337
fatfree dairy products,0.00253651358924337
salted tbsp kraft,0.00253651358924337
evening question ime,0.0025440990398400403
care plan,0.002567487851317244
coronavirus healing,0.0025714536278252645
injured cells,0.0025740678348413226
unique lifestyle taste,0.002574763800424862
week days,0.0025908408245728367
body response,0.002595079710724808
diabetes reduces,0.002599384725725571
diet plan,0.0025994983027776966
december morning,0.002601927584531664
february morning,0.002601927584531664
includes diet,0.0026102445176106217
diet medication,0.0026210084488633278
called type,0.002638318916825571
carb diet,0.002640444308318595
real good,0.0026442257723863884
good community,0.0026442257723863884
levels techniques,0.0026855005025183207
celery carrots,0.0026858656495338425
foods,0.0026941820528960303
good evening,0.0027144945476434137
healing thymus,0.0027153188966727174
healing breast,0.0027153188966727174
healing terminology,0.0027153188966727174
added sugars,0.0027177303423411786
sugar protection,0.0027177303423411786
low,0.0027220708345241564
people,0.00272581790037568
reiki healer,0.0027279298209573434
feel,0.0027349773604518853
excess calorie consumption,0.002741834972719379
patients cancer,0.002743455073350343
thursday october morning,0.002743619120229977
highly processed,0.0027442138077343327
custard apple,0.0027443248037542054
diabetes happens,0.002748443529323614
favourite tattoo parlor,0.0027486799245714007
san francisco usa,0.0027486799245714007
route tasty almond,0.0027486799245714007
diabetes beans,0.0027592609640368923
levels,0.002765590961556991
system visit,0.0027662229172691036
shape diabetes,0.0027752144823556106
normal range,0.0027846726884293476
diabetes education,0.0027863452598896384
diabetes selfmanagement,0.0027863452598896384
system,0.0027993599746371127
half years,0.002813751710600766
reading weeks,0.0028218622496310217
safe cpeptide test,0.002826060531146658
keto diet,0.0028477684172637735
lose weight,0.0028513288330365514
mine blood,0.002856617062202292
back log,0.0028735154644404584
disease patient,0.0028859571463388427
diabetes related,0.0028944321227897755
days ago,0.002900071449373054
stress levels,0.002906755143811398
chemicals called,0.0029085738471012514
yall feel sluggish,0.002912381832446878
blood part,0.002913904885160079
diabetes late,0.0029172348755800797
diagnosed early,0.002921229457984068
days left,0.002924028306778533
years experience,0.002928212666154097
body part,0.0029327832751727015
day early,0.0029360347230103162
fingers healing,0.002946280509649324
lancing device,0.00295130020117007
high roll,0.002955121145177743
white blood,0.0029657556643001553
spike blood,0.0029657556643001553
disease type,0.0029678016584775073
years,0.0029690992300547576
heal,0.0029751540323515453
inflammation,0.0029751540323515453
morning sausage,0.0029821541255090657
body felt,0.0029849709810989477
body produces,0.0029849709810989477
body twist,0.0029849709810989477
food breakfast,0.0029889310001462274
spread pimento tbsp,0.003002203833327096
raw carrots,0.003004472190527149
ancient system,0.00302102063782007
good moisturizer,0.0030306707312006374
sugar testing,0.0030333405128010506
diabetic friendly,0.0030597386572882223
diet,0.003077951788887382
patients exercise,0.0030805135309088056
diabetics deal,0.0030808256953585304
checking blood,0.0030929540362028014
water pill,0.0030958042184254107
finely diced,0.003102068906099275
exercise class,0.0031051678932335126
additional health benefits,0.003112117575245565
free day,0.003121331287311551
days,0.0031355441234788973
exercise time,0.003146145983383985
home remedies,0.003149691294095123
insulin therapy,0.003150021998829967
life talk,0.00315218852399059
national kidney month,0.0031555203736186887
kidney month celebrate,0.0031555203736186887
past life,0.0031649788259065083
sugars edit,0.003190680380851663
pantry sugar,0.003190680380851663
filter sugar,0.003190680380851663
splendatype sugar,0.003190680380851663
fand answers questions,0.003224219451973902
increase inflammation,0.0032246016550251558
day minimum,0.003229773416729489
brown sugar,0.0032374207033564768
diabetes tremendously,0.003271274889312915
american diabetes,0.003271274889312915
diabetes association,0.003271274889312915
longstanding diabetes,0.003271274889312915
diabetes mellitus,0.003271274889312915
diabetes measurements,0.003271274889312915
uncontrolled diabetes,0.003271274889312915
diabetes diabetesawareness,0.003271274889312915
recognises diabetes,0.003271274889312915
diabetes specailist,0.003271274889312915
diabetes adjusting,0.003271274889312915
high fever,0.003273151901881546
cream orange cream,0.003279465223835165
increase patient,0.0032961582660300578
diabetes complications,0.003306363139194217
diabetics,0.003316725617065806
fight diabetes,0.003319199748207598
tasty myth eating,0.0033401515371331587
eating,0.0033429193453733716
diabetes educator janis,0.003363933607787821
patient care,0.003367873791446139
feel fine,0.0033741524496479617
stay home,0.0033973714347469435
meal smile inbox,0.003405854004265734
infection include,0.0034114272459783257
glucose,0.0034316336873043206
call for wednesday,0.00343241860023661
started heal,0.0034426710635515273
depression diabetic,0.003445073468344984
feel low,0.0034513695536125127
positive hope,0.0034523951784434107
husbands sugar,0.003475568384035052
normalise blood,0.003482017921785605
rollercoaster blood,0.003482017921785605
suboptimal blood,0.003482017921785605
blood flow,0.003482017921785605
improving blood,0.003482017921785605
scared cpeptide test,0.003495751842130145
body temperature,0.0035045898219259026
body function,0.0035045898219259026
eexcess body,0.0035045898219259026
patients started,0.003519083791955431
type today,0.003519156072340131
back,0.0035293842345657986
chronic pain,0.0035388198776610167
provide additional health,0.0035402725537920033
excellent knowledge resource,0.0035409057599116657
call,0.003544868603665669
test results,0.0035512368574561
simple meal,0.0036026389637615445
affect inflammation,0.003605909248996027
exercise stress,0.003612898105164729
glycemic meal,0.0036171924185636065
people feel,0.003621310893641086
year,0.0036288990589558147
child diagnosed,0.0036298821968513578
put,0.003653883383742988
negative energy,0.0036554118327077295
days chicken,0.0036631027333952583
drinking lemon,0.0036940173036835427
make good,0.0036945500339790162
mini meals spread,0.0036972435636253745
side high,0.0037203195810548433
natural honey dealing,0.003729513202717543
great day,0.0037446733929303567
heart disease,0.003745545430902392
hour exercise,0.003751481575471038
allied international,0.0037555551661296216
delicious sugar,0.0037570501729973214
running sugar,0.0037570501729973214
day thought,0.0037594694446643727
time challenges,0.0037645387668925026
including pasta,0.003768634553932359
insulin injections,0.0037691552794817036
fast readingroll,0.003769829538863429
promote chronic,0.0037710909758472593
low carbs,0.0037764378481541937
type dear,0.003790576443801064
diet daily,0.0038063297419719776
late breakfast,0.0038117676946476647
india heart,0.0038302814423350974
control,0.0038307528059545095
evening roll,0.00384509594875026
hot water,0.003853082808217581
dynamic diabetic,0.003859915467776478
india recovery,0.003867919189675252
experience required,0.00386973958285642
diabetic cook,0.0038755885328792257
weight,0.0038766828381320653
dsmes programs,0.0039406248904227436
night diabetic,0.003944319743918353
medicine doctor,0.0039607894797940605
experienced healer,0.003965851678847427
conference opportunity,0.003982028890906638
techniques dear,0.003993911452681496
international business,0.00399829489041439
medical advice,0.004002635175905291
conference website,0.00401504434785823
needles box test,0.004017269760179726
question ime running,0.004037193914768737
organization heal,0.00404019642997724
heal endorphins,0.00404019642997724
insulin hate,0.004079838952858512
sole treatment,0.004082768037925857
activity research myths,0.0040937646324719764
physiotherapy treatment,0.004099276841217005
blood cholesterol,0.004100313692794345
put strip,0.004106713144145279
chia seed,0.004116487205631308
horrible yeast,0.004116487205631308
model patient,0.004129926278189182
patients suffering,0.004129926278189182
daily times,0.004137235270100816
pump insulin,0.0041465810308355345
stock home,0.004164191821108013
training centers,0.004167409124635607
newly diagnosed,0.004175892333540023
hormone insulin,0.004180717102367148
portion sizes,0.004184576766781741
safety trials,0.004184576766781741
long low,0.004185483223657672
spent day,0.004197083044481582
day glimepiride,0.004197083044481582
day nah,0.004197083044481582
high heart,0.004212102805978762
good numbers,0.00421781729800703
time crisis,0.004218011207220702
waste time,0.004218011207220702
high protein,0.004228660718728766
high net,0.004236491866349428
type weekly,0.0042471986269759674
medication therapy,0.004251339272960778
treating high,0.00425350836769977
life regression,0.00425778044077338
life threatening,0.00425778044077338
sufficient life,0.00425778044077338
life expectancy,0.00425778044077338
resolutions type,0.004264450923422026
location bangalore,0.004270048536603939
freestyle libre,0.004270048536603939
ancient powerful,0.004270542426290297
water morning,0.004277195231092302
health benefits,0.004278580233517692
international journals,0.004288267224160284
fat choice,0.004289466730893752
saturated fats,0.004289466730893752
carb meals,0.004290978759254346
week,0.004292426364377161
ate anythin,0.00430561406747207
food group,0.004324878749055643
morning today,0.004328681305973006
system working,0.004329793182390115
reduce inflammation,0.004335782441547254
weekly meter,0.00433832475578524
system ensure,0.004372360694251506
carbs,0.004387684263976096
reiki,0.004388861857950961
glucose back,0.004391471638156968
high amounts,0.0044013592297377935
healer vacancies,0.004403596659406791
hope,0.004407238475973686
medical advice bought,0.0044073236415927
factory business,0.004416901187638788
everyday diabetic,0.004440680515311156
chronic,0.004444089206053647
clinic today,0.004452952312938118
cooking show,0.004454554689504841
saturday february,0.004455670220534525
super high,0.004471088958171361
water healers,0.004480614476814011
breathing techniques,0.004493319408019628
pain,0.004508466482703501
fasting post,0.004525051249772997
add carrot,0.004525277018242207
bangalore mumbai,0.004526454642336395
stress,0.004536782573114602
india widely,0.004541936230847449
northern india,0.004541936230847449
nadu india,0.004541936230847449
india schizophrenia,0.004541936230847449
india parkinson,0.004541936230847449
effects including,0.004546191383757811
long,0.0045571462562012735
include respiratory,0.004581854141866866
doctors degree,0.004593841398596474
energy chronic,0.00459908760572135
home made,0.004600820139967239
world international,0.004602340432948839
meal question,0.004611821471654859
daily insulin,0.004613613210308448
daily routine,0.004619867800939646
heal lymphatic,0.004629609425743659
weight gain,0.004639152288357163
death heal,0.00464821225103047
naturally heal,0.00464821225103047
wednesday december,0.0046531033591489124
emotional health,0.004655808032100586
ongoing experiment,0.004672202044381962
financial liquidity,0.0046913285375686335
liquidity crisis,0.0046913285375686335
improves insulin,0.004703733582865842
eyeglass orders,0.004719927761208264
insulin muscle,0.004722849064492425
patient preferences,0.004732491412501857
patients cope,0.004732491412501857
patient maharashtra,0.004732491412501857
ensure patients,0.004751509596285305
apple tree,0.004758684601624271
short term,0.0047587287434380544
fever chills,0.004759093099625131
respiratory diseases,0.004760740699026517
impacts chronic,0.004764382956533932
eating pasta,0.004767447750856735
bread calories summary,0.004767665723251159
major cities,0.0047980709855051295
bone marrow,0.0047980709855051295
usa private medicine,0.004804204302841514
diagnosed with type,0.00480668040986982
make,0.004808949654366329
term chronic,0.004812953598295178
times,0.004830847455575606
gym times,0.004852916006953166
fun time,0.004852916006953166
stress yoga,0.004864240285225921
work debating,0.004873287099841656
work sincerely,0.004873287099841656
make exercise,0.0048802424863655216
gabapentin type,0.0048865181626670615
calories fat,0.004906330825566668
fat protein,0.004906330825566668
fat,0.004912335236874039
day workshop,0.0049287412420203685
days throwing,0.0049287412420203685
day energize,0.0049287412420203685
prep days,0.0049287412420203685
hateful day,0.0049287412420203685
recently diagnosed,0.004956524327250095
emotional support,0.004974105930521551
struck hard,0.004984223519976315
high ketones,0.004995051860317463
hypoglycaemia high,0.004995051860317463
lifethreatening high,0.004995051860317463
bay.foods high,0.004995051860317463
tad high,0.004995051860317463
excellent year,0.005016079246696887
foods dinner,0.0050239949079455525
allied conferences,0.00503156758745864
glucose number,0.005034002178209199
pasta made,0.005041191443932872
healthy foods,0.005043866996359847
question,0.005050983982063609
normal,0.005060509192280999
hard time,0.005061461303475804
training stay,0.0050737023002050035
stay turned,0.0050737023002050035
protein foods,0.005083687244695554
morning group,0.005084419029380664
lung infection,0.0050943289195649185
glucose early,0.005098671262852538
world class,0.005105440874987052
heal the world,0.005105861353626471
food network,0.005113584620536621
rich foods,0.005113584620536621
nice foods,0.005113584620536621
back normal,0.005116280268288788
techniques,0.005124019240309937
exercise program,0.005124524040764336
complement system,0.0051347304766357895
excretory system,0.0051347304766357895
weekly including,0.005137184253111452
carb app,0.005146950317700228
exercise,0.005152533123089716
including olive,0.005158070276349693
business,0.005160614743466795
heal coronavirus,0.005168961759282577
cells bone,0.005169276115941897
health,0.00518252016056129
good read,0.0051876259908807095
hormone called,0.005190766866719697
feel crazy,0.005196073595916852
reduce stress,0.005199288050184679
disease,0.005199438867652414
quickly mine,0.005201385114214342
tattooing diabetics,0.00521502447198787
fellow diabetics,0.00521502447198787
borderline diabetic,0.00521502447198787
anti diabetic,0.00521502447198787
diabetic properties,0.00521502447198787
diabetic warehouse,0.00521502447198787
diabetic retinopathy,0.00521502447198787
feel full,0.005217356186043172
stay,0.005225323490186449
universal energy,0.0052347695665764474
continued diet,0.005243035844587197
treatment,0.005250035624215375
eat portion,0.005268030791553355
including,0.005290368373587428
carbs today,0.005300137993584685
week ago,0.005306131891744199
work lord,0.005309206014302167
good response,0.005310013415321184
treatment pain,0.005330253524964021
showed good,0.005331605829634436
clinical data,0.0053362560839324774
totally drained,0.0053362560839324774
icu in dka,0.0053578872794781095
lemon juice,0.005358188544526113
reiki universal,0.005369964213893455
eye clinic,0.005380153183351956
final round,0.005401964223573333
frequent urination,0.005401964223573333
extreme dizziness,0.005401964223573333
international partners,0.005416331098048892
powerhouses high,0.0054209730351333744
condition type,0.005455360049898472
ceo heal,0.005458941244513834
congestion heal,0.005458941244513834
combat inflammation,0.005458941244513834
pasta helped,0.005461332447146405
carb free,0.0054725417024558
calorie intake leading,0.0054806143268120175
vacancies experienced,0.005483791131524291
losing pills,0.0055019402025990646
roll,0.005519455851468568
minutes add,0.005528649995145192
started eating,0.005537575637794886
stress management,0.005574286095591951
anxiety stress,0.005574286095591951
energize patient,0.00558035551715744
aged patients,0.00558035551715744
patient characteristics,0.00558035551715744
cardiac patients,0.00558035551715744
patients approached,0.00558035551715744
critical patients,0.00558035551715744
dialysis patient,0.00558035551715744
schizophrenia patient,0.00558035551715744
insomnia patient,0.00558035551715744
enforcing patients,0.00558035551715744
care,0.005631564751336076
symptoms include,0.005644199210042287
water,0.005654087138486536
patients face,0.005662299811104623
medication completely,0.0056675450600587336
diabetic review,0.005681684870759357
diabetic husband,0.005681684870759357
week started,0.005689211779947477
time period,0.0056995514474777655
regularly times,0.0056995514474777655
refill times,0.0056995514474777655
single time,0.0056995514474777655
falling time,0.0056995514474777655
time keeping,0.0056995514474777655
time convenient,0.0056995514474777655
idea,0.005710133475710323
diet nutrition,0.005712217052215277
today,0.005721853995239286
stop taking janumet,0.005730094071846117
benefits stay,0.005735799888105818
type constantly,0.005739049286588538
detected type,0.005739049286588538
toddlers type,0.005739049286588538
trash put,0.005748198808917634
put tag,0.005748198808917634
conference book,0.005755764130470872
drink,0.0057579409786158685
conference,0.0057579409786158685
march time,0.005783256131131016
drink plenty,0.005789636786257072
conference ocm,0.005789636786257072
inflammation.healthy fats,0.005796249974707563
trans fat,0.005796249974707563
infection,0.005805914989096056
metformin question,0.005811919981485197
reading question,0.005811919981485197
damaged cells,0.005840344431758993
cells immediately,0.005840344431758993
called endorphins,0.005840877668530655
control feeling,0.005849934269353212
test,0.005862425188934331
diseases dear,0.005864804404570434
comments respectful plz,0.005879690044114851
meal,0.005901704909326043
week trading,0.005910985143892712
age including,0.005911259528294498
including infants,0.005911259528294498
count including,0.005911259528294498
medicines visit,0.005925335428703872
working morning,0.0059538379989599165
activity based,0.005964126282382673
breakfast month,0.005967919260501907
avoid insulin,0.00599546831223115
solid food,0.0060059678855958155
comfort food,0.0060059678855958155
food network.i,0.0060059678855958155
food supply,0.0060059678855958155
nutritious foods,0.0060059678855958155
food scale,0.0060059678855958155
crap food,0.0060059678855958155
tired morning,0.006012467572754233
feeling positive,0.006021893695794955
positive feeling,0.006021893695794955
method video,0.006033956315710658
cases infection,0.006041420690773424
acupressureisa technique,0.0060475344461324325
relaxation techniques,0.0060475344461324325
selfhealing technique,0.0060475344461324325
exercise meds,0.00604923976447932
key role,0.0060583747518601115
stay safe,0.00606534413314584
live long,0.006066411085979049
plan physical,0.006080907067503603
respiratory symptoms,0.0060835936822291915
give long,0.0060906651048404075
food intake,0.006094199927666232
big food,0.006094199927666232
based,0.006107593343469007
positive move,0.006109238909715956
good money,0.0061102890462229895
clients based,0.006118750631629931
care roll,0.00612964556324242
favourite diabetic,0.0061429309403622
alcohol based,0.006143373756262258
based situations,0.006143373756262258
thiscan anyone explain,0.006146120203185976
sausage patty,0.006146120203185976
journals discount,0.006146120203185976
caring souls,0.006146120203185976
centered on towing,0.006146120203185976
months back,0.006151924877001524
water roll,0.006154310800235777
attention in chemistryscience,0.006171074376395469
accu chek,0.006171074376395469
chek guide,0.006171074376395469
osaka japan,0.006171074376395469
organizing committee,0.006171074376395469
doctor tomorrow,0.006183040475834929
doctor giggles,0.006183040475834929
now.my doctor,0.006183040475834929
doctor ill,0.006183040475834929
dawn phenomenon,0.0061961311076139
vivek kamath,0.0061961311076139
net worth,0.0061961311076139
bayer contour,0.0061961311076139
longer time,0.006209837024201795
fine,0.006209875107001087
congress covers,0.006220486032766013
fine hey,0.006221856787448166
sleep,0.006235554712463651
skin disorder,0.006247791020273769
today tested,0.006271534043497606
show people,0.006279107128198835
metformin,0.006285726333397822
understand,0.006285726333397822
bad habit,0.006298822659336182
add invokana,0.006298822659336182
garlic add,0.006298822659336182
healer vacancy,0.006298932306993806
event plan,0.006299382588190246
eat bread,0.006322768920684386
hard eat,0.006322768920684386
arrangement reiki,0.006332756573051881
started,0.0063361014247614355
asanas include,0.0063512683832680095
protein low,0.0063528667322125375
effective treatment,0.006354617630456134
insulin properly,0.006356959618330529
levemir insulin,0.006356959618330529
insulin ratio,0.006356959618330529
insulin sensitivity,0.006356959618330529
congress great,0.006359365817093529
tea hope,0.00635944110541771
aniglipton hope,0.00635944110541771
free,0.006361344052397342
low glycemic,0.006364656674835268
support,0.0063866232706713405
low dizzy,0.006390275661721854
record lows,0.006390275661721854
carbs guess,0.0063989792900137005
numbers,0.0064017229433117225
chronic inflammation.inflammation,0.006412956004932715
kidney disease,0.006421247788578188
grain bread,0.006427431203095709
levels close,0.006467072079343578
finished eating,0.006474628300309563
diabettic patient,0.00648509179443437
feeling,0.006488104089001339
meals,0.006491875400258647
vacancy level,0.006493105968049528
food claims,0.006518647584796468
health issues,0.0065221129100376226
eating habits,0.006527524753804963
reducing stress,0.006547591156779578
relieve stress,0.006547591156779578
organizer obesity,0.006556424412641447
makes muscles,0.0065734096377922475
manager obesity,0.006582820351307732
dont feel,0.006584352130938977
care support,0.006589067831122183
bangalore minimum,0.00659173271432873
celery raw,0.00659173271432873
app feeling,0.006605630941432107
happen people,0.006614322609646316
end read,0.006660932911516749
feel sick,0.006662918629357568
july morning,0.006687074952175454
fiber rich,0.006693823853053702
prevent treat,0.00670144036549459
vacancies minimum,0.0067014994370543784
thing,0.006705830045675017
peoples record,0.0067058923102658605
portion control,0.006706149711739603
past week,0.006706449595864924
super low,0.006717889922220891
egg omelet,0.006721695143312023
called prostaglandins,0.006721695143312023
major health,0.0067234244138559066
sorts feel,0.006728577478612226
ideas eta,0.006743950697566009
mater lancing,0.00676071760493997
lot,0.006762925467335737
kidney failure,0.006764028049706874
companies business,0.0067723486203123085
needed tasty myth,0.00678041668043477
weight improves,0.0067871009523032206
include vegetables,0.00678943435492015
drink cocoa,0.006800797722062675
drink alitle,0.006800797722062675
conference delegate,0.006800797722062675
conference banners,0.006800797722062675
garlic carrots,0.0068176809394487
habits role,0.0068176809394487
complete respiratory,0.006846082108635362
happy finally,0.006846082108635362
video motivation,0.006846082108635362
contacthealtheworld.in visit,0.006846646593214347
care provider,0.006847545473526004
infection eexcess,0.006857849191478275
stay healthyget,0.006857849191478275
countries visit,0.006874530236405524
fighting infection,0.00687774501607883
committee member,0.0068961760879009005
dexcom follow,0.006903025229469377
give free,0.0069135173929761075
give,0.006918841876560618
fatty fish,0.006924961826081824
facing including,0.006943808541685122
including threat,0.006943808541685122
moderation including,0.006943808541685122
including hypoglycemia,0.006943808541685122
characteristics including,0.006943808541685122
including frailty,0.006943808541685122
including dark,0.006943808541685122
hate,0.006987192643406472
great tips,0.00702811433150122
evening question,0.007032885160151355
including fresh,0.007045914641949222
breathing exercises,0.0070463672217587715
june morning,0.0070628192235049495
long lemon,0.0070652359409187826
pills,0.007067072946219941
congress glad,0.0071013061205031786
eat solid,0.0071209966663914066
eat mcdonald,0.0071209966663914066
barely eat,0.0071209966663914066
stock seasoning,0.007131091325471066
guideline recommends adults,0.0071511621622711375
everthing good,0.007177851607387682
road good,0.007177851607387682
good match,0.007177851607387682
meter today,0.007183891702159756
free key,0.007184813472754451
ovarian cancer,0.007189774504340364
freestyle strips,0.007190497474474993
doctor wont,0.007191196852107799
glucose happens,0.007195668057118742
individualization based,0.007216758193506886
mosquito bad,0.00721978276548179
plan dsmes,0.007220752240570406
diet and exercise,0.007230299805021425
therapy expert,0.007249842004012898
good foot,0.007255145480671811
wipe,0.007267418436200782
medicines affect,0.0072712154850391765
include inserts,0.007279952130146742
prescribe medication,0.007280779706798694
good watch,0.0072834241163164965
doctors till,0.007284433656600019
reduce weight,0.007285112238427568
medications modern,0.007310113054016329
modern medication,0.007310113054016329
fill fine,0.00733850166512298
antiinflammatory effects,0.007342965377515467
minimum minutes,0.0073436904049232225
mumbai,0.007359326279425258
obesity,0.007359326279425258
sleep barefooted,0.007369072091184647
dead sleep,0.007369072091184647
adequate sleep,0.007369072091184647
sleep directly,0.007369072091184647
healthy eating,0.007379924760197992
kidney health,0.007392147497924892
brain hormone,0.007405079244578551
world,0.0074208586535158775
managing,0.0074208586535158775
reading,0.007428585666742879
symptoms fever,0.007435476625075015
class open,0.007435476625075015
hormone nervous,0.007435556225760104
sugar jaggery,0.007439593553478879
fine folks,0.007446454499546324
things,0.007450922272972242
emotional,0.007451702701657458
beans make,0.00746123350101403
crazy symptoms,0.007466079639516784
stay blessed,0.007472608670500709
freestyle showed,0.007479489212641809
real deal,0.007480544168745801
fiber,0.007482598531456428
cells,0.007482598531456428
service providers,0.007496729286167395
shape makes,0.007504576381117272
coming back,0.007504712732813618
gained back,0.007504712732813618
ranging low,0.007507121243903273
international event,0.007511110332259243
called,0.0075135460485067935
live,0.007517952061924131
disease maharashtra,0.007534608482768686
increase adherence,0.007541720339354752
check,0.007547827501702492
recipes roll,0.007551943326582052
love breakfast,0.007563668101790356
ozempic injections,0.007572910668705876
early response,0.007573285392087321
issues,0.007577746069101646
favorite low,0.0075879875325755896
lost pills,0.007597775148260997
sunday remember,0.007604150693421216
page cover,0.007604150693421216
late post,0.007623535389295329
levels vary,0.007628059698565148
diabetes jaggery,0.007628328946331401
care organization,0.007675233413898176
horrible experience,0.0076760632420007375
saturday check,0.007680177957416474
healthy weight,0.007704933765424696
completion of reiki,0.007716121632459035
blockages mumbai,0.0077335760786093975
heart mind,0.007738750446042067
minutes,0.0077458043556429415
left hand,0.007772930845321396
medical questions,0.007777961398256234
carrots peeled,0.007783717898788709
upcoming world,0.0077987418871001985
seek medical,0.0078070080235568
overseas partners,0.007815093241894815
carrot pepper,0.007815093241894815
reviews good,0.007821519964034483
good smile,0.007821519964034483
dates good,0.007821519964034483
taste good,0.007821519964034483
factory months,0.007830411959870692
fast,0.007837866899339721
respiratory syndrome,0.007847681828626609
make fruits,0.007859514749269108
effects months,0.007861176088487031
efficient fiber,0.0078641359235834
soluble fiber,0.0078641359235834
factors eating,0.007866203115525123
support group,0.007867594867836468
people posted,0.00787833087740294
concerngod bless,0.007883437982012461
netflix called,0.007896918304709129
title called,0.007896918304709129
thee egg,0.007896918304709129
eggs overcooked,0.007896918304709129
components called,0.007896918304709129
called phytonutrients,0.007896918304709129
parade eggs,0.007896918304709129
eggs jumbo,0.007896918304709129
egg torchy,0.007896918304709129
corn egg,0.007896918304709129
egg jalepeno,0.007896918304709129
local program,0.007913021351549584
program manager,0.007913021351549584
quick question,0.00791704770793802
keto cheddar,0.007945772076245134
stopped keto,0.007945772076245134
yall feel,0.007990199750228836
group feeling,0.007993607019622106
hours ago,0.007997495035861953
started making,0.008054086414203722
skin conditions,0.008062420324114004
plan provides,0.008064397478077363
free online,0.008086432854599838
meter,0.008094564962667663
stop medication,0.008099648951315087
weight goal,0.008148444808985529
issue boom,0.008151272524399726
fever daily,0.008174562701299092
feeling thankful,0.008181938093764121
august morning,0.008223960932504765
october morning,0.008223960932504765
alternative treatments,0.008231614842940278
process alternate,0.008232641423202998
chia seeds,0.008232974411262617
daily challenges,0.008241953685296847
super happy,0.008250626396810947
effects aim,0.008333162095189072
meds,0.008335520676011812
worried things,0.008348141525760949
strawberry cream orange,0.008356890206882343
similar effects,0.008367150029413383
endocrinologist starting,0.008368812994407938
finally starting,0.008368812994407938
raw medium,0.008368812994407938
major financial,0.008369153533563482
appointment eye,0.008369153533563482
endorphins hormone,0.008369153533563482
strip meter,0.008375039306638438
congress held,0.008377100966554746
cure disease,0.008382263416192698
required student,0.008403289487135533
similar safety,0.008403289487135533
fatty acids,0.008403541390104624
creation stock,0.00841228197074998
boiling stock,0.00841228197074998
random sugar,0.008423758135666063
salmon lbs,0.008437818777920847
online service,0.008437818777920847
